id,link
1,https://i.imgur.com/Gh5jcWy.jpg
2,https://i.imgur.com/ERYh4uE.jpg
3,https://i.imgur.com/dgGgmHU.jpg
4,https://i.imgur.com/B2jpnhp.jpg
5,https://i.imgur.com/fz4MB3H.jpg
6,https://i.imgur.com/xVOxCPz.jpg
7,https://i.imgur.com/moEjyHl.jpg
8,https://i.imgur.com/UMwdz9F.jpg
9,https://i.imgur.com/dDl5iuK.jpg
10,https://i.imgur.com/iHLinw6.jpg
11,https://i.imgur.com/Rq4tdqv.jpg
12,https://i.imgur.com/GImv7r2.jpg
13,https://i.imgur.com/BlFFzU3.jpg
14,https://i.imgur.com/0cqZaA0.jpg
15,https://i.imgur.com/UaEhVqI.jpg
16,https://i.imgur.com/0Y0fG4v.jpg
17,https://i.imgur.com/8GinrsE.jpg
18,https://i.imgur.com/epfgAZh.jpg
19,https://i.imgur.com/pz0bikA.jpg
20,https://i.imgur.com/O9qWGF8.jpg
21,https://i.imgur.com/SHZMwt0.jpg
22,https://i.imgur.com/UXr62MY.jpg
23,https://i.imgur.com/Ma2dqDB.jpg
24,https://i.imgur.com/FaFHwqq.jpg
25,https://i.imgur.com/3FsWUYs.jpg
26,https://i.imgur.com/mqKDhyn.jpg
27,https://i.imgur.com/Ow0spOw.jpg
28,https://i.imgur.com/GEEUHZb.jpg
29,https://i.imgur.com/hODMCr5.jpg
30,https://i.imgur.com/tP11XoL.jpg
31,https://i.imgur.com/vQ2R4JE.jpg
32,https://i.imgur.com/HcFkQy8.jpg
33,https://i.imgur.com/ZEWRnFW.jpg
34,https://i.imgur.com/dpyfTZk.jpg
35,https://i.imgur.com/zhz2Lbo.jpg
36,https://i.imgur.com/wZyLTqO.jpg
37,https://i.imgur.com/eNHG7QA.jpg
38,https://i.imgur.com/vsknpxB.jpg
39,https://i.imgur.com/y5HZ8O7.jpg
40,https://i.imgur.com/25oJKOL.jpg
41,https://i.imgur.com/TEkkbXE.jpg
42,https://i.imgur.com/Nuv55js.jpg
43,https://i.imgur.com/SD272fl.jpg
44,https://i.imgur.com/Fz66Ocd.jpg
45,https://i.imgur.com/uSaAGVo.jpg
46,https://i.imgur.com/QulaFCp.jpg
47,https://i.imgur.com/ULKCRmg.jpg
48,https://i.imgur.com/3KvirPm.jpg
49,https://i.imgur.com/UFfDjQh.jpg
50,https://i.imgur.com/WtD8aed.jpg
51,https://i.imgur.com/XUIfmCx.jpg
52,https://i.imgur.com/MllJ1sx.jpg
53,https://i.imgur.com/BJHuIdf.jpg
54,https://i.imgur.com/7wM68zD.jpg
55,https://i.imgur.com/a25lXY5.jpg
56,https://i.imgur.com/grSqgfn.jpg
57,https://i.imgur.com/1STRQAL.jpg
58,https://i.imgur.com/O7a0ObZ.jpg
59,https://i.imgur.com/fCKLbfn.jpg
60,https://i.imgur.com/vybv5sP.jpg
61,https://i.imgur.com/5cTMrL2.jpg
62,https://i.imgur.com/vJJqr09.jpg
63,https://i.imgur.com/0bgUNsv.jpg
64,https://i.imgur.com/ftZ7Gkl.jpg
65,https://i.imgur.com/yrVdDqL.jpg
66,https://i.imgur.com/SNJepQy.jpg
67,https://i.imgur.com/u2Rnjap.jpg
68,https://i.imgur.com/HlmDeeB.jpg
69,https://i.imgur.com/43voDxb.jpg
70,https://i.imgur.com/XtkmwYq.jpg
71,https://i.imgur.com/undefined.jpg
72,https://i.imgur.com/TeYzqsM.jpg
73,https://i.imgur.com/XltdTdM.jpg
74,https://i.imgur.com/Lyy8ZDN.jpg
75,https://i.imgur.com/ImQAahK.jpg
76,https://i.imgur.com/3J5UDR5.jpg
77,https://i.imgur.com/undefined.jpg
78,https://i.imgur.com/ELPDKPF.jpg
79,https://i.imgur.com/HgRn637.jpg
80,https://i.imgur.com/ZS7LdnN.jpg